1,17.6988,27.48,-1.0036399999999999
1,-196.31900000000002,2.48572,-0.777573
1,-23.6001,10.1323,-0.6187010000000001
1,35.9251,11.8101,-0.6092
5,19.0978,13.7048,-0.7953939999999999
1,-2.00738,20.1696,-0.613383
1,16.3452,24.775,-0.757578
0,-9.420119999999999,30.1058,-0.647097
1,52.9918,6.857469999999999,-0.520358
5,4.21569,7.27383,-0.568168
2,23.1613,10.0563,-0.440086
5,13.6569,11.1347,-0.517741
1,28.7986,11.7035,-0.47342799999999996
5,-1.135,13.1148,-0.491
4,-15.5765,17.7738,-0.421955
5,-2.8547700000000003,18.3514,-0.44056300000000004
1,18.8997,18.5561,-0.568785
4,-1.11533,22.3137,-0.504624
5,-31.6285,-4.214519999999999,-0.351958
1,-20.7662,-3.08311,-0.242013
5,-31.7328,-2.82712,-0.349578
1,-45.2016,-2.6764099999999997,-0.313448
2,-22.4876,2.08126,-0.37351999999999996
1,53.8385,3.6343699999999997,-0.23804699999999998
2,-15.5869,4.1275,-0.30274
5,53.7267,7.46737,-0.24756799999999998
1,53.0553,7.902480000000001,-0.226458
4,14.202,8.67718,-0.347857
5,17.6866,20.2829,-0.21414299999999997
5,-5.2297400000000005,20.5428,-0.252238
1,-61.9874,21.0366,-0.353124
0,16.264,22.9708,-0.309749
1,94.0153,-3.88142,-0.0321821
4,-31.2243,-3.52865,-0.132402
5,-16.8956,-3.4297800000000005,-0.153024
5,-42.1439,-2.66152,-0.189125
5,61.8108,3.48125,-0.166181
0,18.5307,3.70359,-0.0184579
4,50.7997,4.27639,-0.13355799999999998
4,24.5415,8.76272,-0.12010699999999999
5,-26.1107,10.7726,-0.134422
4,27.1209,11.6896,-0.08458689999999999
1,-46.1482,16.8182,-0.171825
4,-3.05289,19.0614,-0.00827134
5,2.25256,20.4766,-0.163569
5,17.1432,20.7471,-0.0653769
5,17.4762,21.230999999999998,-0.0391461
4,17.3806,22.7153,-0.015445600000000002
5,16.8852,23.6454,-0.0443952
1,-19.2613,24.1896,-0.07902410000000001
5,-18.8018,25.5634,-0.119083
1,28.4425,-12.2193,0.0470651
0,23.3962,-11.8804,0.148279
1,11.2631,-8.731760000000001,0.199156
1,-8.54964,-6.33115,0.0325899
1,-16.7138,-4.41654,0.0634352
5,5.1668400000000005,-4.07111,0.0895205
0,64.1928,0.318021,0.05300319999999999
5,-5.51871,2.48487,0.105375
5,-1.89462,4.072080000000001,0.041864099999999994
0,-3.6476,6.05304,0.029761799999999998
5,-2.8957200000000003,6.07967,0.0980858
5,-0.8439059999999999,7.51652,0.0469108
5,32.704,11.8146,0.151257
5,-30.4079,12.2439,0.19931400000000002
1,-27.8252,13.6752,0.08432360000000001
0,-28.0778,14.287,0.06147919999999999
0,-18.7677,17.1125,0.046262300000000006
1,-36.6915,17.5077,0.12523399999999998
4,-18.6643,18.0725,0.0141238
1,-45.9566,18.4197,0.030804900000000003
5,-12.3254,20.5274,0.07729119999999999
1,-0.371942,24.5216,0.0775559
2,31.6219,-11.5767,0.280271
1,16.0062,-10.1487,0.364637
3,25.758000000000003,-10.1951,0.21928899999999998
0,30.877,-9.76742,0.251179
0,27.3164,-8.06621,0.337638
0,28.5331,-7.95264,0.36435
0,4.214840000000001,-5.86155,0.330663
3,-6.624060000000001,-5.74065,0.310425
4,5.12401,-5.42572,0.320206
1,-108.449,-3.9834400000000003,0.23632199999999998
1,23.5667,-2.82177,0.21652
1,-37.664,-2.62865,0.22171100000000002
5,29.3308,-2.4875,0.373544
1,40.1819,-1.99643,0.24183400000000002
4,22.8275,3.07642,0.256042
5,-16.99,3.5992900000000003,0.274027
4,0.116022,6.40219,0.278605
3,-25.4394,11.3478,0.27261199999999997
0,-24.6677,11.3188,0.26334
3,21.8944,11.6491,0.3011
1,-2.96358,12.7062,0.333097
0,-11.4147,13.7352,0.27171
4,-18.6646,15.2452,0.266232
4,-4.842169999999999,18.8101,0.319267
3,20.2447,19.8585,0.396648
4,-1.0338200000000002,20.3584,0.315508
0,-16.0533,20.5964,0.330867
0,-61.0864,20.7924,0.365613
0,20.2434,25.509,0.30850500000000003
1,22.3004,28.7038,0.359585
4,-7.1278,28.804000000000002,0.285426
5,33.1389,-13.42,0.51181
4,15.3694,-10.2295,0.596108
4,30.5607,-8.20701,0.539797
3,18.8959,-7.921,0.597839
0,19.9116,-7.937460000000001,0.54873
0,26.2494,-7.967280000000001,0.537203
0,10.2114,-6.960710000000001,0.566929
0,2.6843,-6.323180000000001,0.5971890000000001
3,5.24191,-3.51539,0.587856
1,-25.7515,1.65746,0.479414
1,62.317,2.92462,0.526404
4,-14.4279,4.317159999999999,0.5388189999999999
5,25.9201,6.844360000000001,0.565209
5,27.1458,7.95982,0.504428
5,-28.0813,14.4843,0.551705
4,-18.6669,14.5011,0.48240299999999997
1,-33.2424,17.7826,0.456434
4,-15.503,18.0015,0.541097
2,-4.5827599999999995,20.6488,0.46390600000000004
5,17.7336,22.4013,0.47066
4,20.2827,27.4542,0.488471
0,4.29213,-5.8503099999999995,0.7153649999999999
3,7.951739999999999,-5.56873,0.693327
4,-21.6421,-5.27845,0.625025
5,-7.751460000000001,-4.89405,0.739805
1,-82.3879,-4.5929,0.61492
0,-6.916989999999999,-4.22617,0.715698
3,21.9953,-3.88211,0.748017
1,-44.7572,-2.73831,0.783289
0,21.1722,4.35237,0.777816
0,-2.99926,7.29436,0.6652140000000001
5,-3.7635300000000003,7.732539999999999,0.7227779999999999
0,-18.8531,9.275030000000001,0.679882
5,14.8479,9.23467,0.7489399999999999
5,23.8264,9.79186,0.74597
3,28.366999999999997,11.7623,0.742831
3,34.1344,11.8661,0.744913
3,-23.7654,12.6636,0.687094
4,-19.0353,12.8251,0.604761
3,19.9882,15.3238,0.619993
3,-3.1551,17.7623,0.629554
0,-18.8977,24.4542,0.772638
0,30.1986,-9.48776,0.8882610000000001
3,2.8483400000000003,-8.01056,0.848831
5,28.7317,-8.07157,0.931185
3,17.1446,-7.891310000000001,0.883509
3,18.6692,-7.894819999999999,0.908385
1,-50.8114,-4.6983,0.980775
0,-5.863090000000001,-4.21743,0.8524790000000001
3,-8.885010000000001,-4.07645,0.897091
3,21.0688,-3.5146900000000003,0.922703
5,-8.00721,-3.1432599999999997,0.950876
4,19.7578,-3.14223,0.896633
1,34.6375,-2.61295,0.819045
5,64.4565,0.98367,0.8545200000000001
5,-23.1544,1.63772,0.8727
2,-15.0307,1.8746099999999999,0.864941
0,-13.5841,3.0919,0.896431
4,19.9774,4.01851,0.82835
0,20.2361,5.029730000000001,0.8083600000000001
5,27.1272,7.30818,0.974875
0,-18.7045,10.4624,0.9135620000000001
4,13.4076,10.988,0.849267
0,-9.61112,11.0472,0.9523799999999999
3,26.9938,11.7481,0.857358
1,60.0089,11.8644,0.8166720000000001
1,18.9421,12.1657,0.890913
4,-3.69438,12.3965,0.8080729999999999
4,-2.77766,12.9032,0.957509
0,-14.4498,13.6279,0.980893
0,-18.4674,15.8271,0.9185840000000001
1,-8.16793,16.561,0.9530959999999999
2,-31.2243,17.7389,0.903432
0,-11.4509,18.0158,0.9460860000000001
0,-11.8423,19.3141,0.8283739999999999
0,0.12204300000000001,19.816,0.899331
5,-18.1334,20.0416,0.9393
4,-0.7929510000000001,22.6283,0.8478620000000001
5,32.295,-14.3316,1.19215
5,32.5057,-14.0461,1.19135
3,-20.7416,-9.70128,1.16809
0,10.3755,-8.01342,1.1052
1,21.2729,-7.88702,1.14011
0,23.2982,-7.91035,1.11561
3,25.1441,-7.98376,1.01183
3,-20.8194,-6.13781,1.05316
3,-20.9825,-4.14139,1.14828
4,-20.4731,-3.01993,1.0756
5,22.2743,3.3502400000000003,1.12448
4,-3.2971699999999995,6.5069300000000005,1.02833
5,31.7093,8.95049,1.09406
0,30.1248,11.7878,1.1506299999999998
4,-21.1517,11.8899,1.14529
3,33.6822,11.84,1.11192
0,34.9579,11.953,1.1793
1,38.6382,12.0789,1.0566
4,-17.238,13.7559,1.1860700000000002
0,-13.3496,14.2832,1.13229
1,-33.8549,17.5032,1.13333
3,-17.1105,17.6859,1.06497
1,-37.9244,20.1985,1.07714
0,31.3207,-15.0205,1.39219
1,31.2336,-13.3374,1.39726
0,31.3648,-12.2738,1.32364
4,31.4537,-10.6812,1.21831
0,11.8006,-8.40639,1.36036
3,-0.0488226,-8.00571,1.34541
3,-2.52637,-7.98537,1.27241
4,3.36303,-7.839239999999999,1.30655
3,-6.57005,-5.69221,1.33604
1,49.3592,-5.2154,1.3066200000000001
0,-7.41754,-4.58092,1.24229
3,-7.13662,-3.8209699999999995,1.37195
5,-8.10854,-2.7767,1.31523
2,21.9031,3.39026,1.2327700000000001
1,62.9134,6.06792,1.22892
5,54.0897,6.874969999999999,1.20329
3,23.2701,9.08082,1.3096
4,-1.56063,11.37,1.23663
4,-0.428259,11.5083,1.2796100000000001
4,0.733935,11.5752,1.32243
0,33.8634,11.9432,1.39147
1,61.5217,12.1075,1.23328
4,-9.61148,12.2339,1.3993799999999998
0,-26.2524,12.9447,1.28643
5,-7.00258,13.8419,1.32408
3,20.1975,16.7117,1.30241
3,-35.4979,16.9526,1.2802200000000001
1,-43.2979,17.5437,1.2378200000000001
0,-37.508,17.7019,1.2680799999999999
5,-18.6586,20.0098,1.35101
1,-0.8574299999999999,20.1129,1.3572600000000001
1,-4.08522,20.5583,1.26179
1,1.39414,20.5362,1.3542100000000001
3,-10.3297,20.6034,1.37748
3,20.1662,21.2572,1.30566
0,20.3042,26.509,1.3211
1,22.2796,29.1885,1.38688
0,23.2698,31.9796,1.37058
5,31.3414,-21.3009,1.51076
5,31.3332,-18.0938,1.5109299999999999
4,38.1236,-15.3248,1.51114
1,34.8078,-15.0404,1.5111
5,23.5633,-14.4476,1.5109
1,15.2186,-10.9744,1.5878299999999999
4,15.7843,-9.774939999999999,1.48862
3,31.1208,-9.1412,1.5111700000000001
4,15.8492,-8.67044,1.49204
5,92.0627,-8.29568,1.54575
0,10.418,-7.94725,1.58912
5,16.8972,-7.87285,1.58828
0,10.1496,-6.83897,1.46566
5,116.24600000000001,-6.50057,1.54474
1,-109.24600000000001,-6.13875,1.59345
0,3.0163,-6.10315,1.51075
5,82.1465,-5.963769999999999,1.54653
2,-22.5447,-5.5989,1.59125
5,89.9207,-5.30896,1.54621
0,-8.88438,-3.49928,1.4639
0,-17.1118,-3.30928,1.48146
4,-26.1072,1.82835,1.59169
3,-13.6836,3.0870900000000003,1.4963600000000001
1,96.0311,3.8196800000000004,1.51214
0,-13.8441,4.51734,1.4762
0,0.554312,10.9252,1.4395799999999999
4,-11.1653,11.6146,1.5921299999999998
1,59.763999999999996,11.9991,1.58806
4,-8.627360000000001,12.1261,1.5922100000000001
1,-12.4384,12.6882,1.59222
1,-35.4898,12.8537,1.51732
4,3.4674400000000003,12.9468,1.59277
2,-4.93029,13.167,1.5924
4,-7.96352,15.0946,1.59253
1,-19.113,15.2471,1.59247
1,-18.7646,16.6262,1.51671
5,-4.0269699999999995,17.2136,1.4095799999999998
5,-24.6491,17.7007,1.59273
2,-62.0336,19.0869,1.52065
5,-12.95,20.5682,1.4466700000000001
4,2.40963,20.6906,1.4731100000000001
1,2.9178900000000003,20.9458,1.59359
1,32.8813,-25.0498,1.74363
3,31.2788,-14.8997,1.77718
1,40.7088,-14.5379,1.7540200000000001
0,14.7001,-7.9953899999999996,1.7362799999999998
3,9.84225,-5.15487,1.71347
0,1.69147,12.1262,1.6631099999999999
4,-0.355026,12.3179,1.73406
1,42.8482,12.3368,1.76223
3,20.0541,12.6197,1.74718
5,-26.6267,12.9069,1.69797
0,-18.4885,12.915,1.75249
2,-33.6146,13.3426,1.73708
1,-27.736,13.333,1.7793900000000002
4,-2.9392,13.2788,1.6730900000000002
1,-16.5231,13.5423,1.72355
0,-7.488230000000001,13.5741,1.78214
1,-0.457682,13.5078,1.74785
4,-14.9895,13.7943,1.7175200000000002
5,-3.94061,13.7697,1.6816099999999998
3,20.0769,13.7241,1.71717
1,-3.4751800000000004,15.7687,1.60559
1,-17.0562,17.9724,1.74312
3,-10.0982,-7.993119999999999,1.8891099999999998
3,-0.0958248,-7.95251,1.9036099999999998
0,27.6642,-7.939080000000001,1.90278
0,29.7999,-7.959810000000001,1.9264700000000001
1,39.0356,-7.9134199999999995,1.8072599999999999
1,63.4327,-7.86653,1.87431
5,72.041,-5.95147,1.95774
1,-49.3426,-5.11442,1.8889
1,-49.3426,-5.11442,1.8889
3,9.83874,-5.15554,1.8990200000000002
4,-13.6511,1.9835200000000002,1.8580599999999998
4,-14.0839,3.70036,1.9111799999999999
4,55.3899,7.07443,1.8275
1,55.3542,8.58313,1.9033799999999998
5,36.6158,9.585180000000001,1.93517
4,-2.4641,11.6893,1.83208
3,28.7281,11.7921,1.85675
0,33.9899,11.9675,1.9920400000000003
4,-3.0876799999999998,12.0804,1.86549
2,-0.00272822,12.8338,1.8181900000000002
3,4.46345,13.0714,1.8223900000000002
1,-11.0882,13.2975,1.8056900000000002
5,-25.647,13.9829,1.8752
0,22.2867,30.1379,1.8072
1,26.3863,35.2979,1.8459999999999999
1,45.2102,-8.03979,2.0998900000000003
3,-11.9045,-7.9865699999999995,2.10774
0,17.6363,-7.899960000000001,2.01688
5,11.0864,-7.572369999999999,2.0069999999999997
4,4.84428,-5.91897,2.10011
1,96.52600000000001,3.20873,2.13289
1,102.11399999999999,4.3909199999999995,2.09749
4,-14.2465,4.47513,2.15846
1,56.8027,8.46751,2.1629400000000003
3,23.2655,9.34485,2.0019299999999998
4,-10.8269,11.3405,2.00868
4,20.2932,11.6698,2.0950900000000003
3,22.5255,11.7151,2.07518
4,32.7052,11.8563,2.0942
0,35.501999999999995,12.0,2.00857
1,58.3865,11.9837,2.1884799999999998
0,36.7464,12.0293,2.02223
4,1.09524,12.3546,2.08927
4,6.47295,12.3928,2.05551
0,3.76116,12.5243,2.02928
5,-23.4846,12.6559,2.00925
1,-19.3663,12.728,2.01927
0,-9.83201,13.3826,2.13443
0,-20.3222,13.4808,2.07951
0,-6.5946,15.0226,2.11633
0,19.1233,16.3253,2.07043
0,-6.31496,16.4751,2.1444900000000002
1,-7.935989999999999,16.7198,2.19142
3,20.2054,16.7036,2.0286299999999997
4,-4.02611,16.808,2.12623
1,-38.1097,17.7786,2.02696
1,-5.87705,17.8599,2.15612
1,21.7072,45.2346,2.1725
3,35.2514,-15.317,2.37277
0,14.6635,-10.117,2.25616
0,14.6635,-10.117,2.25616
0,15.494000000000002,-9.60131,2.2995400000000004
0,46.6021,-9.747060000000001,2.31648
0,14.5559,-8.70243,2.25096
0,-12.491,-8.02153,2.31188
1,-51.1204,-5.98464,2.2082200000000003
3,24.468000000000004,10.6999,2.3239400000000003
5,55.7954,10.7074,2.23045
5,36.44,10.884,2.36317
2,21.9359,11.0983,2.2639299999999998
4,-1.3467799999999999,11.3294,2.3043400000000003
0,19.0361,11.294,2.2401
5,27.4746,11.3058,2.33605
5,31.5657,11.334000000000001,2.33448
5,33.9473,11.3599,2.31156
4,20.0842,11.7269,2.22728
3,24.9783,11.754000000000001,2.27576
4,-33.383,11.884,2.23588
3,-14.1976,11.9855,2.32895
4,-13.5188,11.9044,2.30494
3,26.3883,11.8022,2.22867
5,29.67,11.864,2.29851
0,32.4647,11.8228,2.28286
1,71.3827,11.9269,2.33715
1,65.4325,12.1524,2.3431
5,-22.4062,12.6843,2.38072
3,20.0337,12.659,2.2413
1,-12.8075,12.8943,2.30863
4,0.667615,12.886,2.29941
5,-2.68912,13.0875,2.3881
1,-23.8249,13.6582,2.26249
0,-5.92402,13.8645,2.2477400000000003
3,18.9394,14.3125,2.2995799999999997
0,-5.32487,14.9185,2.28728
3,18.9593,15.1099,2.28005
5,20.0278,15.4762,2.2142
1,-6.88635,16.3298,2.26898
2,23.2777,38.525999999999996,2.367
1,29.6262,51.9525,2.28412
3,31.3316,-17.1041,2.51047
1,36.6834,-15.2094,2.47098
5,38.9245,-15.2844,2.45108
4,31.660999999999998,-14.4137,2.5512900000000003
1,39.8287,-8.1015,2.49188
1,-31.1271,-5.1138,2.55219
1,-31.1271,-5.1138,2.55219
5,54.8914,8.06161,2.52678
3,31.677,8.50885,2.4239900000000003
3,-5.79902,9.57199,2.5118099999999997
3,20.6855,10.5792,2.40466
5,25.8274,10.6925,2.43958
4,-11.7986,12.7718,2.49262
4,1.27096,12.9464,2.4153700000000002
1,-1.75455,13.745999999999999,2.41627
1,-43.727,17.5358,2.43994
1,-11.0312,17.8811,2.48354
1,5.786569999999999,21.031,2.4670400000000003
3,21.9746,28.5629,2.41034
3,46.3205,-16.5357,2.6221799999999997
3,33.8621,-15.335,2.7601299999999998
1,56.2965,-7.83863,2.79917
1,-63.2581,-4.62361,2.72526
5,69.3462,6.116569999999999,2.73605
4,19.2874,10.9103,2.72743
1,38.5922,11.0108,2.71055
4,-9.42442,11.6062,2.64335
4,0.29279,12.4461,2.6449
4,-34.486,12.8598,2.67093
5,-21.6611,12.814,2.76012
1,-2.05488,13.357999999999999,2.72243
1,-12.4493,13.4727,2.77143
0,-4.74739,15.9592,2.69484
5,-32.4653,17.4177,2.7044799999999998
4,-22.9426,17.7487,2.7568799999999998
1,-61.5119,19.5035,2.7450200000000002
1,-6.55894,20.615,2.79592
1,-2.7973,20.618000000000002,2.61212
0,23.2598,31.2609,2.70096
5,23.3975,38.3212,2.79535
1,23.3892,68.7825,2.76848
2,46.3063,-16.0462,2.89534
1,43.978,-15.4905,2.89252
4,31.4284,-15.3729,2.88046
1,37.1474,-14.3821,2.8521
3,46.5724,-11.8984,2.9116
5,15.5293,-9.7133,2.90028
0,4.33416,10.3777,2.89589
5,25.5649,11.2779,2.9048700000000003
2,29.2748,11.3181,2.80614
4,31.1472,11.2011,2.80318
1,-10.2807,13.1194,2.97076
1,-11.2072,13.357000000000001,2.81848
4,-7.840089999999999,13.4418,2.86542
4,-20.4498,13.9287,2.89095
4,-6.19377,14.8768,2.89411
4,4.20946,15.2597,2.8564
1,-25.7231,17.6672,2.91585
0,-38.0531,19.2426,2.80597
1,31.3209,-21.2897,3.00202
1,15.6504,-11.2138,3.0451099999999998
2,12.9893,-10.1697,3.15885
1,54.7534,-7.858689999999999,3.07747
1,-63.9866,-5.86563,3.1219099999999997
1,53.9921,-4.80523,3.1121
0,56.8562,6.13275,3.1324400000000003
5,36.5625,9.574110000000001,3.06324
5,-3.0483599999999997,11.7879,3.1468599999999998
5,52.8923,11.9344,3.0472
5,54.6842,12.0723,3.1699
4,-8.76679,12.5707,3.0479
5,50.0103,14.2339,3.0552799999999998
0,-6.659560000000001,16.697,3.04382
3,23.8848,27.9499,3.13654
0,25.3021,27.93,3.04616
0,26.9081,27.9266,3.0762
0,23.4627,32.1047,3.13637
1,23.1822,49.0442,3.1562
0,38.8808,-15.2413,3.39008
5,-3.4809,-7.92944,3.3314
1,52.0183,-7.885110000000001,3.29605
1,54.3687,-6.755319999999999,3.37189
3,5.02033,-5.8671,3.38561
1,-6.46641,-5.64058,3.36225
1,51.7295,11.9432,3.3146199999999997
5,-35.262,17.1305,3.24586
1,-40.7242,17.2758,3.3868699999999996
3,-21.8981,17.3566,3.39822
5,-43.3269,17.7797,3.21172
1,-25.8069,17.697,3.23501
0,-20.8827,18.6392,3.39759
3,23.365,31.2093,3.28692
3,26.6651,43.49,3.2656
4,23.3295,45.4047,3.2699599999999998
3,22.534000000000002,47.9487,3.33888
1,22.4454,49.5933,3.39031
1,22.328000000000003,51.9319,3.2245
1,31.3075,-18.8253,3.56121
3,-20.8719,-9.30655,3.5053300000000003
3,8.05702,-7.827939999999999,3.4197900000000003
1,57.0316,-7.894610000000001,3.46935
5,9.638539999999999,-7.67985,3.59462
5,49.3128,-5.317419999999999,3.47095
1,72.1084,-5.23085,3.5718
1,-31.0354,-5.19362,3.50915
0,31.0587,-4.47052,3.42625
5,70.1603,11.9739,3.54025
5,-11.6704,12.7108,3.50909
1,0.7170380000000001,13.0401,3.5415699999999997
5,-7.6851899999999995,14.7335,3.40274
1,-15.1511,14.8886,3.4181800000000004
1,-31.7495,17.3023,3.49482
4,-22.948,17.3538,3.4528
5,-37.7904,17.704,3.53703
0,22.5652,43.0117,3.54501
5,29.4289,51.9315,3.5698199999999995
0,46.5669,-15.0869,3.7237199999999997
2,-10.5582,-7.834230000000001,3.77322
0,50.1763,-5.39021,3.79204
3,0.119055,10.8699,3.69904
3,4.16184,11.1633,3.6796900000000003
1,-2.91112,13.4221,3.7019599999999997
1,-11.707,14.2566,3.63015
3,49.994,15.4547,3.65619
1,-8.47596,16.534000000000002,3.6125800000000003
1,-24.4892,17.7368,3.7334400000000003
3,-8.21108,23.5151,3.67234
0,24.8773,27.9644,3.67314
0,25.8739,27.956,3.71035
0,27.1055,27.9641,3.7583599999999997
0,28.2397,27.9372,3.7645
3,23.2481,28.6768,3.60825
0,21.913,45.2124,3.6152800000000003
5,23.2008,46.7432,3.6939300000000004
0,38.0549,-15.2837,3.84735
4,39.8613,-15.2636,3.94424
0,46.5464,-8.16443,3.9094
1,30.4736,-5.0181,3.9697
1,104.96,-4.81176,3.9838
0,-5.8239,9.63364,3.8875
1,-1.22621,12.5633,3.9392400000000003
5,37.8162,12.4592,3.9731
1,-10.7764,13.5356,3.84009
5,-27.3068,17.7856,3.9011099999999996
0,31.2064,27.9515,3.8878699999999995
2,23.1889,33.0595,3.89307
5,42.27,-15.2598,4.07493
4,29.1316,-5.51779,4.13891
1,3.7167199999999996,-5.2184800000000005,4.13786
1,89.854,-5.30687,4.0875
1,55.3669,-3.5117800000000003,4.025530000000001
3,36.344,11.1028,4.06952
1,51.2287,12.0142,4.19302
5,50.0198,12.7043,4.14045
1,0.23354499999999997,24.0913,4.10761
4,23.8995,27.983,4.019340000000001
4,24.7112,27.9882,4.05551
4,25.7177,27.9935,4.10131
4,27.0322,27.9921,4.162319999999999
4,23.2873,38.317,4.07877
1,23.1673,56.172,4.04864
1,32.8969,-26.1928,4.36664
1,39.6711,-15.2364,4.3829
5,121.435,-4.55237,4.3049800000000005
5,26.0553,9.32437,4.3423099999999994
5,-7.918360000000001,11.0919,4.2508
2,-34.2461,17.775,4.32636
2,-8.109760000000001,23.5462,4.25615
5,2.50916,25.1545,4.221769999999999
1,23.1477,64.7373,4.3779900000000005
5,29.0426,-4.77453,4.52021
5,23.0526,9.23944,4.49806
1,35.7175,9.33127,4.47013
5,36.7327,9.313369999999999,4.4869900000000005
1,-9.140360000000001,15.6898,4.49112
5,-7.95915,16.3097,4.4726300000000005
4,-35.9517,17.7961,4.434480000000001
3,1.81843,23.7434,4.5323199999999995
3,46.558,-9.94058,4.736330000000001
2,-27.1436,-9.66282,4.78955
5,50.1632,-4.70555,4.64412
5,30.2581,-3.5143800000000005,4.630330000000001
1,70.0203,12.0692,4.75298
2,37.5141,28.01,4.7034
0,1.9149599999999998,46.0633,4.72987
5,23.3072,51.7106,4.77928
1,53.4366,-6.46224,4.86492
4,29.0694,-4.85214,4.99694
1,37.5072,-4.31577,4.89447
1,49.8846,9.58365,4.96111
1,65.962,12.0537,4.94877
1,71.6118,12.0847,4.82615
5,23.1637,32.9684,4.8089699999999995
5,23.1585,35.6065,4.99155
5,32.8255,-24.1284,5.197030000000001
2,31.994,-15.1975,5.17721
4,29.3861,-6.4111199999999995,5.0726
4,29.7672,-3.8777,5.06337
5,70.2441,9.44336,5.1483300000000005
5,70.7046,11.2112,5.186030000000001
5,69.9961,11.8339,5.1548300000000005
1,50.6116,12.0591,5.04844
1,0.26465,23.3028,5.13928
1,23.3012,47.0913,5.14035
5,31.3747,-20.1106,5.3856
5,31.3572,-16.8752,5.20113
5,34.1952,-15.1872,5.390569999999999
5,45.1491,-15.1471,5.336869999999999
1,46.2256,-10.8346,5.322769999999999
1,54.313,-3.5882400000000003,5.21225
1,107.755,9.35972,5.23692
1,71.9621,10.9357,5.24885
2,23.6923,28.0515,5.36711
0,3.63208,46.4912,5.3949
1,23.3039,48.4196,5.224819999999999
1,23.3039,62.331,5.35595
5,50.1392,-4.35076,5.55389
1,37.3793,8.95447,5.49576
5,36.4866,9.90318,5.42933
1,-28.3199,20.3105,5.42898
2,2.6265,25.0034,5.40428
2,34.9478,27.9779,5.584
2,26.1057,28.0591,5.534269999999999
2,23.1807,29.23,5.4343
5,23.2832,36.8633,5.5099599999999995
1,23.256,52.1252,5.46095
1,23.3183,65.2767,5.5183599999999995
1,44.4478,-15.2365,5.76171
1,38.3466,-15.1359,5.7984599999999995
5,22.049,9.55868,5.69342
2,36.9073,27.9807,5.7260800000000005
2,28.3652,28.0769,5.700130000000001
1,23.3565,38.8213,5.6716
5,23.1436,44.1672,5.60669
5,23.1975,46.7,5.79575
1,23.2352,55.8732,5.70322
1,23.3943,60.4729,5.63227
1,24.2197,68.7603,5.7273
1,46.3233,-15.2108,5.92643
5,28.7732,-5.70028,5.84262
5,1.52746,24.0987,5.98721
2,39.5708,27.9901,5.92432
2,30.7157,28.0919,5.88012
1,23.2991,42.4165,5.96439
5,23.1446,49.2492,5.98416
1,23.2327,58.2277,5.85683
1,24.3309,65.8674,5.97791
1,29.9782,-6.15468,6.04063
1,50.0248,-5.3025,6.06607
5,71.8398,10.144,6.06688
5,0.42477600000000004,23.2889,6.17155
1,-72.3437,28.0343,6.19522
5,24.1104,28.0547,6.00667
2,32.8318,28.0931,6.04725
1,42.1829,28.0028,6.12367
1,23.3292,44.736000000000004,6.15909
2,-17.9113,46.1631,6.1784
5,23.1308,51.1804,6.1288800000000005
1,24.1607,61.3565,6.0844
1,24.1975,73.7937,6.00587
5,-18.954,11.4937,6.25557
5,1.57031,24.348000000000003,6.37941
2,35.1159,28.0927,6.23325
1,44.7681,28.0205,6.32525
1,23.239,37.9691,6.2264
1,48.1688,27.9802,6.59265
5,29.4911,28.0411,6.50128
2,37.3566,28.1264,6.4231
2,38.9667,28.1394,6.56152
1,23.2447,40.5311,6.467890000000001
1,23.381999999999998,47.7471,6.4151
1,23.316999999999997,49.4145,6.55443
5,28.7777,-5.50788,6.62052
5,-6.112,26.6628,6.65295
1,5.62015,27.5331,6.66683
2,6.66137,27.8458,6.75373
5,31.511999999999997,28.0487,6.68317
2,40.9387,28.147,6.73337
1,30.3773,-3.78781,6.857489999999999
1,43.0755,28.1616,6.923210000000001
1,23.2375,44.9368,6.89005
1,23.3417,52.3863,6.81007
5,29.2321,-6.0846599999999995,7.18447
1,29.0031,-4.25751,7.0731
5,6.7697199999999995,27.7587,7.16385
1,23.3611,56.2604,7.14595
1,-46.9621,9.799389999999999,7.66419
1,24.3956,64.8355,7.92966
1,125.48,-5.063619999999999,8.014610000000001
1,24.4071,8.683060000000001,8.10718
1,94.0555,9.83098,8.020710000000001
2,24.0583,28.1704,8.15719
2,26.9348,28.1842,8.49718
2,23.1202,30.9663,8.46537
2,28.4976,28.2044,8.69298
2,23.2082,28.875999999999998,8.742339999999999
5,-3.79624,26.5887,8.86252
2,25.5043,28.0904,8.90719
2,27.6129,28.1082,9.19045
1,24.3661,78.3705,9.13091
1,114.87,42.8852,9.28171
4,22.9907,58.7536,9.27407
2,34.1989,28.2408,9.44893
1,23.2881,33.8831,9.57366
1,22.7394,37.4897,9.439060000000001
0,23.3315,59.1895,9.54251
1,23.1143,63.1914,9.79373
1,23.1263,39.7877,9.84041
5,38.6799,28.2752,10.0858
5,3.4757,46.3118,10.0466
1,23.3689,63.3733,10.0454
2,35.595,28.1424,10.3588
1,23.0954,42.5149,10.2791
1,23.2434,40.2606,10.6677
2,-17.6765,46.3009,10.7375
1,43.6735,28.3276,10.8302
2,23.1709,28.2644,11.1129
2,23.6864,28.2703,11.5806
2,25.0589,28.2067,11.4151
1,-65.0575,46.5097,11.5687
1,24.201,76.7078,11.4181
2,26.4958,28.1999,11.6635
1,23.2252,31.1447,11.7469
1,-65.0651,50.0809,11.8273
1,-64.8164,49.0727,12.0564
1,-65.0477,53.3882,12.0752
1,-64.825,51.974,12.2812
2,28.3649,28.2973,12.4434
5,30.9467,28.2449,12.4957
2,23.0882,32.3219,12.401
1,-64.9205,54.3349,12.4785
1,-65.1078,58.1447,12.4563
1,-78.39399999999999,43.1429,12.747
1,-64.7944,59.4369,12.889000000000001
1,-65.1836,63.3246,12.8921
1,23.1867,37.0977,13.0904
1,-78.7029,43.5567,13.1744
1,-64.8485,64.2517,13.312000000000001
2,36.3219,28.2474,13.5731
1,-84.8335,43.1696,13.45
1,-64.7932,65.5359,13.4213
2,34.9401,28.379,13.7979
1,-11.5724,46.4267,14.5252
5,3.01912,46.5367,14.5441
2,-9.96045,46.3897,14.8771
5,-16.4373,46.465,14.9486
1,23.9561,106.73,14.9921
5,-13.8923,46.3868,15.179
1,24.4269,106.88,15.4226
2,-18.3844,46.3041,15.663
1,46.9456,28.3133,15.8996
1,47.9008,28.4909,16.7615
1,23.2314,53.4688,17.0492
1,23.1097,54.0143,17.8032
1,-8.39683,46.9684,23.88
1,-16.5052,49.8709,26.2126
1,72.2171,10.6785,-1.7356099999999999
3,16.307000000000002,23.3442,-0.9795010000000001
2,-30.0802,-4.18004,-0.449175
5,-38.186,-2.98949,-0.493112
1,52.1428,6.22496,-0.48279700000000003
1,26.5072,7.14653,-0.6127670000000001
2,-19.2049,7.684260000000001,-0.78864
5,13.0326,9.78748,-0.740963
5,24.5654,10.5562,-0.760994
5,20.281,17.7906,-0.603855
3,-1.168,19.3174,-0.508471
0,-62.0151,19.6394,-0.421079
0,-19.3055,19.8993,-0.422526
0,-18.2342,23.4337,-0.551359
5,-7.69486,33.7882,-0.548554
5,-15.1616,36.8855,-0.764189
1,-17.9577,45.1011,-0.693921
0,32.2401,-7.982880000000001,-0.0662968
5,16.727,-7.03233,-0.194201
5,7.40325,-6.75824,-0.143006
5,21.2087,-4.86408,-0.286042
5,-18.1806,-4.56061,-0.291827
5,-31.6285,-4.214519999999999,-0.351958
2,-15.6886,-3.7903300000000004,-0.302388
1,-9.72604,-3.48717,-0.233449
5,93.1389,-3.28589,-0.0523003
2,-7.978439999999999,-2.8681900000000002,-0.383399
5,7.8071600000000005,-2.86606,-0.336043
5,26.1549,-2.84775,-0.131614
5,39.0081,-2.8257,-0.373013
5,-6.16032,-2.45961,-0.0117545
5,6.622739999999999,-2.62778,-0.0218363
2,31.0572,-2.20494,-0.29731199999999997
5,28.2331,-1.39971,-0.268185
1,63.0289,-0.360697,-0.278898
1,65.9298,-0.0732049,-0.28435900000000003
5,-19.6212,0.106046,-0.230017
5,-1.9064599999999998,2.3334900000000003,-0.345607
5,39.9074,2.1049599999999997,-0.19397799999999998
5,-16.3272,2.4777400000000003,-0.347387
1,75.1364,2.59993,-0.12556099999999998
5,-4.54807,2.96265,-0.35496700000000003
1,64.7467,3.15382,-0.331216
4,51.1014,4.12894,-0.143678
1,49.5242,4.8872,-0.370638
1,47.5316,5.5042800000000005,-0.377152
1,-20.7668,6.38316,-0.299735
5,1.2024700000000001,6.48672,-0.22906100000000001
5,14.7335,9.17568,-0.126925
3,-20.0241,9.39825,-0.32655500000000004
1,-38.4474,16.9502,-0.175849
0,-6.42047,20.355999999999998,-0.192099
5,16.6572,20.3642,-0.175038
4,-16.1426,20.6095,-0.228298
1,-14.2763,20.5705,-0.0705916
3,-8.58078,20.5057,-0.00678471
5,-4.21167,20.5279,-0.18773900000000002
1,-4.863090000000001,22.3669,-0.0342147
1,22.3108,-14.0733,0.0502043
1,26.9952,-10.3838,0.390992
5,20.5579,-9.71071,0.107195
5,27.1733,-9.41465,0.16528900000000002
2,15.3389,-9.16704,0.0579659
5,35.3393,-7.581180000000001,0.38290799999999997
4,-22.6453,2.65372,0.318823
3,20.5998,3.04733,0.292452
1,-33.2293,11.3192,0.31658000000000003
3,-21.7609,11.296,0.23605500000000001
4,-9.39884,11.2805,0.263544
4,-0.336989,12.2055,0.140059
5,-25.256,13.1047,0.290664
5,1.28988,13.0581,0.185978
0,9.47974,12.8562,0.22987
5,-35.6529,13.4441,0.212515
1,-27.8252,13.6752,0.08432360000000001
1,-36.6915,17.5077,0.12523399999999998
1,-45.9566,18.4197,0.030804900000000003
0,-37.893,18.4533,0.17968499999999998
5,-11.4061,20.5374,0.21384
5,-9.40916,33.3686,0.163203
0,29.3081,-15.047,0.6012770000000001
3,13.8719,-10.0226,0.55205
4,14.5068,-8.02417,0.534935
4,2.69645,-6.42814,0.7371850000000001
4,-14.6151,-4.07256,0.721477
0,-4.69605,-3.01228,0.584504
3,-20.616999999999997,1.96714,0.6869109999999999
5,75.137,1.8033599999999999,0.69175
2,-15.5265,3.15722,0.48124399999999995
3,-6.4905,3.1412299999999997,0.7923979999999999
4,-13.5922,3.39095,0.7806109999999999
5,19.5189,4.83012,0.623043
1,51.7875,5.9213,0.707222
5,-20.4363,6.939889999999999,0.7881630000000001
0,-1.08677,7.62259,0.72229
1,-180.78099999999998,9.047419999999999,0.535195
5,14.8479,9.23467,0.7489399999999999
0,1.6662400000000002,10.554,0.565973
1,26.2342,10.6819,0.500904
5,-15.3778,11.2097,0.765464
4,20.1398,11.7366,0.583046
1,40.8858,12.0797,0.6359130000000001
5,77.663,12.2648,0.652262
4,-18.8258,12.4047,0.621009
3,-7.1886600000000005,12.6977,0.6040760000000001
0,-5.0448900000000005,14.9466,0.643592
1,-25.4748,17.7268,0.571565
1,-51.4743,18.7471,0.6121810000000001
5,18.7779,18.7301,0.559836
5,-62.0994,20.3045,0.42808
5,-17.19,22.8091,0.734001
3,16.5469,23.8407,0.448974
5,-0.413934,24.5487,0.6620550000000001
5,33.0582,-14.1941,1.1276700000000002
5,32.1371,-10.3975,1.13491
1,91.4573,-8.90884,1.05544
1,-88.8347,-7.7713600000000005,1.06598
1,-134.394,-6.49948,0.803409
5,-50.3166,-6.19825,0.9846440000000001
4,30.5605,-5.45541,0.8236530000000001
5,6.89447,-3.39181,0.994242
5,-38.8451,-2.81929,0.8860319999999999
5,23.145,-2.7546,0.8343079999999999
5,38.2829,-2.42468,0.9474459999999999
1,93.5718,-2.72064,0.976742
1,65.934,-0.34042100000000003,1.13725
3,-3.8032199999999996,4.1249199999999995,0.906275
5,53.4394,7.458539999999999,0.900761
5,31.7391,8.79384,1.14457
0,30.6341,9.42164,0.938552
1,52.0169,9.625580000000001,0.9921270000000001
0,-12.362,11.9504,1.1120700000000001
1,38.6382,12.0789,1.0566
4,-17.238,13.7559,1.1860700000000002
1,-1.12955,13.8768,0.9352
1,-10.6442,14.1804,1.15719
1,-46.4395,17.4015,0.999178
1,-1.20435,19.0384,1.0331299999999999
1,-13.9979,20.5978,1.14252
3,-2.61096,20.4987,0.895128
4,-18.769000000000002,23.7207,0.9180229999999999
2,17.0777,27.5953,1.04285
5,35.9946,-14.3193,1.29425
5,40.6802,-13.9871,1.34364
3,-9.08387,-7.993180000000001,1.41977
1,48.6399,-7.798189999999999,1.30823
1,59.7747,-7.80629,1.24295
5,136.332,-7.156510000000001,1.54364
3,-11.4592,-6.03219,1.31461
1,-167.838,-5.83398,1.59496
5,82.1465,-5.963769999999999,1.54653
4,-17.0805,-3.3037,1.4268100000000001
0,21.5155,-3.2183,1.35531
2,33.6657,-2.72147,1.21422
5,-19.2422,1.75141,1.34925
2,21.9031,3.39026,1.2327700000000001
1,96.1634,3.51062,1.51214
1,53.0509,4.20524,1.28762
1,69.2588,6.05209,1.5118
1,1.33416,7.02035,1.46947
5,56.2312,7.38127,1.51162
3,23.2784,9.02276,1.44938
3,4.23974,11.0438,1.5926
3,27.0359,11.7862,1.3935799999999998
4,-9.75318,12.2292,1.5111299999999999
3,18.622,12.2547,1.41629
4,-21.1441,12.4519,1.44031
4,-1.94816,12.6022,1.2830700000000002
4,3.98846,15.7772,1.59309
0,-11.2337,16.0991,1.47285
1,2.58451,16.337,1.49789
1,-18.7646,16.6262,1.51671
5,-6.61083,16.4677,1.39809
4,-18.6992,18.4221,1.4369299999999998
0,-19.5979,20.0393,1.51736
0,-16.8917,20.7153,1.3550799999999998
4,1.46466,20.6131,1.4337600000000001
3,4.0208900000000005,20.9245,1.59364
4,20.1451,27.6772,1.3038399999999999
1,32.8813,-25.0498,1.74363
1,42.183,-15.2871,1.8348400000000002
5,12.1644,-7.543889999999999,1.9642700000000002
1,42.8482,12.3368,1.76223
4,-17.7364,14.1664,1.83885
1,-3.4751800000000004,15.7687,1.60559
5,-43.5462,17.4503,1.80115
5,-39.7565,17.6206,1.85389
1,1.9969700000000001,19.0561,1.73163
3,-11.9556,20.6391,1.66078
0,7.27842,20.7408,1.7919999999999998
0,20.1861,25.6315,1.96242
1,26.3863,35.2979,1.8459999999999999
1,23.2578,51.7331,1.9234900000000001
2,31.2188,-11.4868,2.13806
5,12.1315,-9.43078,2.00537
3,9.565610000000001,-5.30804,2.3217
4,-20.7802,-4.1245,2.11803
5,-21.6706,-3.6688099999999997,2.20523
0,19.3554,9.94007,2.22528
5,22.5832,11.7103,2.14498
0,32.6269,11.8039,2.22151
0,34.5809,11.9224,2.16343
1,-12.2164,17.3937,2.23846
1,-38.1097,17.7786,2.02696
0,-22.2551,17.7546,2.19536
5,-6.53796,18.0995,2.17015
1,-8.37831,20.5409,2.30342
5,-1.3931200000000001,22.6239,2.25774
1,23.2221,45.003,2.1774299999999998
1,23.2793,66.9355,2.00828
1,32.9066,-28.6586,2.56659
5,38.0718,-14.4044,2.65405
5,40.1768,-14.4125,2.53924
1,-61.2999,-9.1304,2.69943
0,-10.1906,-7.99993,2.74363
1,64.0325,-7.9419699999999995,2.61168
5,40.172,-5.0265699999999995,2.51722
1,96.6976,5.05057,2.69007
3,31.6851,8.59665,2.42492
3,2.52259,9.005989999999999,2.5536
1,38.5922,11.0108,2.71055
4,-7.565410000000001,13.1082,2.53478
0,9.40576,12.9872,2.6352700000000002
1,-13.9326,13.8785,2.49238
1,-43.727,17.5358,2.43994
4,-4.79509,17.4696,2.69693
5,-33.8505,17.7,2.5211
1,-26.9541,17.8779,2.69942
1,-61.5119,19.5035,2.7450200000000002
1,-9.928889999999999,20.6271,2.76012
0,2.6311299999999997,20.6666,2.50172
0,1.30575,24.1163,2.6329
1,23.3854,65.6323,2.71637
5,14.44,-8.78989,3.19151
3,10.3096,-7.95642,3.01841
1,-22.9692,-5.57834,3.0514900000000003
0,-21.0243,-5.56688,2.97647
1,-23.2908,1.76205,3.03882
1,25.1882,8.87229,3.13354
5,70.6874,11.1798,2.97475
4,-7.15222,14.087,2.8778099999999998
1,-15.4768,14.4018,2.9563200000000003
5,-10.9545,14.603,3.0981
1,-12.5241,15.4447,2.98832
1,3.91324,16.2039,2.84845
3,19.8356,16.1596,2.9783
1,-9.56426,16.5699,2.92065
3,-31.3668,17.3997,2.82508
1,5.53645,20.9349,2.83393
5,32.8722,-24.1408,3.5827699999999996
5,44.3014,-15.6162,3.36635
2,-20.8802,-11.7624,3.49031
5,-20.8841,-9.41351,3.36611
1,-44.4296,-8.29918,3.49225
3,6.4745099999999995,-7.833480000000001,3.3286
1,58.178999999999995,-7.856210000000001,3.5088699999999995
3,4.95641,-5.79788,3.3717599999999996
1,72.1084,-5.23085,3.5718
1,115.095,-5.27609,3.49715
5,-45.5444,-4.66665,3.51716
1,-20.9077,1.84223,3.4264699999999997
2,22.7823,11.6683,3.20993
0,28.3038,11.7841,3.3033900000000003
5,30.2864,11.8398,3.32465
2,34.1919,11.8655,3.3346199999999997
4,-34.0509,12.9725,3.5134
5,23.3665,44.6403,3.5360099999999997
5,4.88666,46.0915,3.4786300000000003
1,26.3464,51.7864,3.26741
5,25.3988,58.1842,3.42743
0,-1.04772,-7.74885,3.7883400000000003
5,4.25518,-7.70715,3.78102
1,-49.66,-6.15908,3.69046
3,8.034289999999999,-5.24545,3.8124
5,-54.5425,-4.6729400000000005,3.8825300000000005
5,-5.87451,17.761,3.95134
3,26.8017,35.3186,3.7889
5,23.2364,35.8408,3.70854
1,23.2614,48.2505,3.9764
1,23.1732,48.934,3.77512
5,23.3391,50.2012,3.7408699999999997
2,-26.8306,-11.3894,4.08096
5,32.1294,-5.02569,4.25402
4,29.5516,-4.0957,4.15529
5,5.84168,9.37301,4.34476
5,-24.2243,11.1072,4.1547
3,-15.5338,10.984000000000002,4.10444
2,-11.5506,11.1007,4.21392
3,36.344,11.1028,4.06952
0,-1.3584399999999999,13.4072,4.20899
2,-21.8224,17.8438,4.27954
1,0.23354499999999997,24.0913,4.10761
1,23.1704,55.6269,4.027909999999999
5,23.3052,57.1137,4.22224
1,23.1477,64.7373,4.3779900000000005
1,-46.7605,-6.84497,4.42948
1,-11.9861,-5.82604,4.48782
1,54.8718,-5.29932,4.6338
5,50.3886,-3.99275,4.42896
5,30.2581,-3.5143800000000005,4.630330000000001
1,17.641,9.30843,4.413869999999999
5,26.8035,9.30083,4.416869999999999
1,31.66,9.24042,4.4564699999999995
1,107.43700000000001,10.1326,4.67291
3,70.8886,10.7115,4.4389400000000006
3,-18.4496,12.1219,4.48919
3,50.048,14.2949,4.6243
5,-43.8667,17.5894,4.42769
1,5.51853,18.1641,4.40726
1,-0.894969,25.3743,4.75241
5,28.5462,27.971999999999998,4.68961
5,23.2903,50.2452,4.70052
5,23.2832,51.3871,4.5982400000000005
1,23.2781,59.5067,4.46176
3,28.7742,-5.88289,5.02233
1,-39.5637,-5.506480000000001,4.97221
5,-2.8662799999999997,-5.47045,4.82586
5,7.664110000000001,-4.2278,4.9762900000000005
1,38.1802,8.76651,5.0321
0,-7.3389999999999995,8.871739999999999,4.9562800000000005
1,87.4891,9.31564,5.0360000000000005
1,-28.9656,19.9767,4.94086
5,23.1631,34.6502,4.92504
0,23.2742,39.2462,5.17646
5,23.3236,53.2998,4.8650199999999995
1,8.76895,71.7835,4.8689
1,24.89,76.0526,4.84004
1,38.3444,-15.2659,5.23036
1,106.986,-7.58898,5.2046
1,-46.3408,-4.39484,5.51236
1,25.8883,9.3619,5.5781
1,23.1989,41.3053,5.3997
1,23.2482,50.1288,5.3324300000000004
1,121.105,-6.1106,5.6938
1,140.151,10.8565,5.61963
5,2.46788,26.6148,5.65355
1,25.9953,43.6608,5.67756
5,23.3334,47.8111,5.8027
1,55.8379,-3.35285,6.0114
5,-18.954,11.4937,6.25557
1,-72.3437,28.0343,6.19522
5,26.2997,35.4523,6.17441
1,107.022,10.0308,6.44983
1,49.9465,10.148,6.84409
1,-73.2536,26.5615,7.087389999999999
5,-5.4368,26.8684,7.0534300000000005
1,23.2259,47.8376,7.1722
1,37.2505,9.59286,7.271780000000001
2,25.447,28.099,7.2598
5,39.3653,28.0972,7.41613
5,41.358999999999995,28.1226,7.56567
1,-13.7909,46.1601,7.56912
1,-159.304,49.0177,7.41397
1,23.1826,51.4865,7.530139999999999
1,136.227,9.46668,7.8039
3,-46.2468,11.3845,7.75294
2,30.2265,28.1256,7.770639999999999
5,42.5637,28.0988,7.739330000000001
5,-18.1856,46.1597,7.825060000000001
5,46.5661,28.098000000000003,8.184569999999999
1,-73.6838,30.2947,8.16104
1,23.2039,37.6136,8.271410000000001
1,24.2899,65.9991,8.02886
5,4.59082,46.2104,8.71514
1,24.2657,74.1678,8.75265
5,-2.86937,26.1273,8.91992
5,-4.5145800000000005,26.5781,8.90028
1,22.8537,65.4307,8.92503
1,22.7951,45.2404,9.29359
5,22.9452,70.2447,9.42212
1,-77.2402,43.496,9.94651
1,23.0188,100.368,9.98001
2,35.595,28.1424,10.3588
1,-64.9557,47.1143,10.3254
1,23.3774,64.1216,10.1357
1,24.1702,77.5666,10.2152
1,-46.3787,11.1205,10.5554
1,-82.89200000000001,43.5522,10.4151
2,23.1709,28.2644,11.1129
1,-64.9807,54.4363,10.8064
1,-64.9688,59.2513,11.1427
1,41.8074,28.1674,11.3514
1,48.0686,28.3392,11.505
2,-14.2202,46.2974,11.2792
1,45.6811,28.2031,11.9994
1,-68.771,43.1667,11.7245
1,-85.2171,43.2775,11.9925
1,23.2267,49.7191,12.3672
1,23.0568,53.5376,12.1113
1,-65.1078,58.1447,12.4563
5,-62.5767,10.7052,13.4378
1,23.943,61.9045,13.595999999999998
1,23.2456,58.4132,13.9804
1,23.1663,42.3127,14.3168
1,-12.3007,46.5088,14.6008
5,-11.306,47.5809,15.2933
1,-65.1792,43.7883,16.1441
1,-65.2525,56.7542,17.5764
1,-65.9045,43.6137,17.6294
1,24.0288,65.0323,20.029
1,24.0826,65.9735,20.2723
1,41.5481,28.6339,24.4811
5,-16.4633,49.2117,25.9168
1,25.7573,49.3779,27.1776
5,26.1187,51.4191,28.1073
1,33.7901,107.869,33.0341
1,-14.7451,-5.92363,-1.09427
1,4.59508,8.27007,-0.8635639999999999
5,14.2662,21.6318,-1.10365
5,20.2728,21.991999999999997,-0.8527889999999999
5,17.1762,26.2203,-1.1317
5,7.341019999999999,-6.79745,-0.135775
1,29.3524,-7.16688,-0.16229200000000002
5,-5.28827,-6.0985,-0.20088699999999998
5,23.4753,-5.81987,-0.24973099999999998
5,89.9759,-5.416980000000001,-0.0350395
5,-21.9413,-4.38933,-0.353746
2,19.1446,-1.94878,-0.298956
2,-22.2851,-0.399439,-0.349549
5,13.6441,1.19531,-0.27566
1,66.4736,2.62915,-0.301198
5,23.9236,3.59306,-0.34279899999999996
5,-10.9557,4.06193,-0.44877100000000003
5,2.79608,4.2495,-0.465697
1,56.2881,4.37024,-0.32537699999999997
5,20.297,6.05441,-0.516213
5,53.8705,7.5766100000000005,-0.406896
5,12.9649,9.98245,-0.753229
2,28.2193,9.91741,-0.721146
2,32.1753,10.8418,-0.671525
2,-1.8759,11.5649,-0.773167
0,-11.2764,13.5394,-0.105377
1,-59.2369,20.3611,-0.271073
0,-13.2847,20.517,-0.0299046
3,2.04311,20.3308,-0.10896199999999999
1,-4.863090000000001,22.3669,-0.0342147
0,-21.016,-10.7311,0.280803
1,17.5196,-11.0765,0.0145632
1,-8.54964,-6.33115,0.0325899
1,70.9944,-4.9324699999999995,0.774306
1,104.95700000000001,-5.18089,0.30636599999999997
0,28.0288,6.68738,0.799683
5,63.0315,10.265999999999998,0.785512
5,-15.4808,11.1156,0.764074
0,1.6662400000000002,10.554,0.565973
1,-33.0233,11.3184,0.323416
1,-31.3054,11.4648,0.37853200000000004
5,-35.6529,13.4441,0.212515
4,-18.8761,13.2024,0.674074
3,-35.5435,16.7018,0.291509
5,-8.4239,16.5349,0.516159
1,-20.9917,19.0093,0.563435
0,17.2324,22.0682,0.37804499999999996
5,-17.19,22.8091,0.734001
5,-7.65883,26.6396,0.6516390000000001
1,22.3004,28.7038,0.359585
0,46.1212,-15.5501,1.45117
5,-63.8054,-5.93698,1.33833
1,-54.6056,-5.61544,1.26445
1,-39.5549,-5.845269999999999,1.3507799999999999
5,54.8457,-5.6940599999999995,1.58437
5,50.1356,-5.45864,1.5482200000000002
0,-14.6068,-4.1749,0.9143100000000001
3,22.8351,-4.39915,0.9751879999999999
5,-44.3109,-3.5145800000000005,1.05721
2,-33.4486,-3.5468699999999997,1.18288
0,-6.12029,-3.6051800000000003,1.1072600000000001
0,19.0122,-3.58115,1.49848
5,26.7017,-3.6180000000000003,1.2678399999999999
5,-49.7439,-3.07366,0.994591
5,-38.8451,-2.81929,0.8860319999999999
2,-9.72166,-2.82653,1.52391
3,6.21596,-3.05345,0.826044
2,32.4166,-2.7921400000000003,1.14435
5,-3.2175,3.45048,1.28369
0,22.0691,4.47135,0.8850690000000001
3,4.98921,6.4081,1.57502
1,141.743,9.60609,1.5782
0,13.1678,11.7748,0.8329409999999999
3,9.84033,12.7909,1.40121
1,58.4182,12.0864,0.913285
1,73.4871,12.2516,1.5866
4,-15.6054,14.9769,1.1288
4,-15.0193,19.075,1.29859
1,-16.6296,26.2767,0.957764
1,4.87242,27.32,1.4343299999999999
1,35.8672,51.7667,1.23648
3,49.3618,-10.5729,2.08164
1,45.2102,-8.03979,2.0998900000000003
1,128.085,-8.54205,2.24967
3,19.5357,-7.86995,1.8665900000000002
3,22.8101,-7.888330000000001,1.8108099999999998
3,-5.78264,9.60365,1.76355
5,36.5917,9.6653,1.9250599999999998
2,-25.1887,12.493,1.96718
3,6.02073,12.6232,2.0189
1,-29.8782,13.1803,1.74098
0,-21.7126,15.6698,1.68093
0,18.8503,18.7834,1.9308900000000002
0,0.381123,19.5881,1.62362
1,-88.9486,-7.739510000000001,2.64941
5,-31.0614,-5.23677,2.8062400000000003
1,-24.1342,1.73375,2.86394
5,56.1794,7.61569,3.18791
1,-61.5119,19.5035,2.7450200000000002
5,-38.0899,20.5555,2.7279299999999997
0,-27.2066,20.1949,2.41032
1,-2.95572,20.6415,2.7385200000000003
0,27.5485,26.3936,2.69895
5,22.2194,56.2417,2.55544
1,23.0121,72.7946,2.4824900000000003
5,12.3018,-9.62593,3.34374
0,15.7405,-7.87312,3.2597
1,-50.809,-4.82085,3.7314
1,179.666,-4.52274,3.5877
2,-13.9683,4.45142,3.2738400000000003
1,65.0667,6.29664,3.43877
4,-34.6488,11.6423,3.2972900000000003
2,29.2389,11.8016,3.2675400000000003
5,-3.3070199999999996,12.7816,3.27224
3,26.0088,12.1326,3.42499
5,-21.7727,12.9281,3.4721300000000004
4,1.09984,23.8034,3.6079199999999996
1,-75.7774,24.8437,3.41735
5,4.88666,46.0915,3.4786300000000003
1,26.3464,51.7864,3.26741
1,36.2199,51.9439,3.4133
1,-51.3758,-8.25427,4.70745
1,-31.0874,-5.18164,4.28334
1,184.713,-4.02758,4.711930000000001
5,19.4409,6.99338,4.5096099999999995
5,12.6051,9.28613,4.41209
1,59.7736,9.22948,4.26017
1,64.8995,9.36169,4.49718
5,-14.0875,9.64997,4.40295
1,94.0916,9.77092,4.76323
5,2.42499,11.2809,4.6813199999999995
1,0.337029,13.6703,4.09515
5,-14.5158,15.8608,4.38778
5,-7.9168,15.4974,4.36121
2,-24.4011,17.7847,4.31232
1,6.2279800000000005,23.2397,4.50275
1,-4.4016,27.4369,4.1268400000000005
1,23.2436,59.7435,4.3284400000000005
1,46.2256,-10.8346,5.322769999999999
5,-44.4565,-6.817,5.38269
5,-39.0443,-7.025119999999999,4.94888
1,-118.596,-6.15334,5.0932
5,115.038,-3.68685,4.84764
1,87.1566,2.46619,5.50345
5,4.51291,7.01025,5.08239
1,48.0968,9.33442,5.45233
5,53.2836,9.29216,5.19088
5,70.2441,9.44336,5.1483300000000005
1,113.113,10.2842,4.8371699999999995
1,55.9168,11.9333,5.08271
5,59.8473,11.8431,5.32798
5,-10.1452,19.3983,5.060569999999999
5,-24.4825,20.4298,5.10185
1,-73.4758,25.8055,5.22772
1,23.2312,66.4219,5.17238
1,-20.2878,-5.99452,5.7059
1,121.105,-6.1106,5.6938
1,126.76899999999999,-2.94223,5.88754
1,177.727,9.87156,5.62031
1,-50.0389,27.8553,6.37804
5,45.9805,28.1004,5.85078
5,23.1939,33.9568,5.85433
5,26.4779,35.4292,6.18341
1,25.9953,43.6608,5.67756
1,24.2304,65.9106,6.2499199999999995
2,32.8669,-25.9784,6.5798
1,-63.591,-5.7516099999999994,6.92523
1,-5.94797,9.32671,7.1672
1,114.815,10.3726,6.812880000000001
1,23.2302,46.7607,7.067089999999999
5,23.1516,57.3052,6.59496
1,46.2898,-17.4778,7.6266
5,54.2719,-5.965269999999999,7.23049
5,30.2616,-3.67676,7.3066
5,30.842,28.1349,7.84045
5,4.44186,46.2205,7.302460000000001
5,23.980999999999998,73.0049,7.83241
1,-29.3153,10.9731,8.10763
2,25.1979,28.180999999999997,8.28989
1,-73.6838,30.2947,8.16104
1,23.1729,52.865,8.60652
1,126.823,-4.16145,8.81395
1,117.31700000000001,38.3681,9.33275
1,22.7951,45.2404,9.29359
5,25.7773,58.5237,9.57756
1,25.8898,49.7734,10.1378
1,-15.0533,9.47838,10.5202
2,39.5688,28.166,10.9879
2,-18.7916,46.2238,10.8045
2,3.5963800000000004,46.2912,10.7775
1,25.859,54.6666,10.825
1,-64.9688,59.2513,11.1427
1,116.598,40.4575,11.472999999999999
1,24.0825,73.1196,13.4179
5,-12.9914,46.4431,14.638
1,-64.9648,53.8308,14.8679
1,-65.015,62.8329,15.7967
1,23.7671,148.546,15.5268
1,23.2384,55.1705,17.4738
1,24.0388,64.3666,19.8612
5,34.7098,28.605,21.9642
1,72.0285,11.6091,-2.14879
1,-27.3846,-10.8424,-0.0238583
4,-8.81043,-8.06178,-0.0798078
1,-43.8519,-6.09826,-0.271942
5,-0.5110210000000001,-3.72585,-0.382797
2,13.7109,-3.8807699999999996,-0.369291
5,68.1846,-3.4139800000000005,-0.353527
5,53.2539,-2.3020099999999997,-0.21617600000000003
5,-22.3292,-0.7996449999999999,-0.354158
5,-24.5584,7.4725399999999995,-0.717553
5,18.4088,8.816880000000001,-0.824219
5,8.96622,10.5543,-0.934947
3,-46.9051,16.517,-0.193326
3,-8.665189999999999,20.5163,-0.0101163
5,-6.212619999999999,26.3124,-0.16536800000000001
5,31.3401,-21.2107,0.8401930000000001
1,46.5374,-15.2744,1.51125
5,40.4993,-14.0636,1.41857
5,34.3065,-9.96037,0.913269
1,-66.3545,-8.632060000000001,0.597445
5,51.3627,-7.9345,1.3647
1,111.691,-6.8773800000000005,0.29512
1,-122.63600000000001,-6.363169999999999,0.14686300000000002
5,29.2788,-2.4659999999999997,0.41836899999999994
1,125.014,-2.34675,0.8606209999999999
5,180.167,-2.06009,1.5420399999999999
5,-8.78249,7.0427800000000005,0.985194
5,62.9953,10.3593,0.785745
4,-39.2484,12.5577,1.0345799999999998
5,-31.0405,15.1655,0.129104
1,-20.818,19.9371,0.022930900000000004
1,-37.6231,21.2434,0.386935
5,-0.336826,24.5354,0.45028100000000004
1,4.87242,27.32,1.4343299999999999
5,23.2676,38.5026,1.27449
3,19.1643,-3.14742,1.6152600000000001
4,56.8885,6.23489,2.42
1,44.4872,12.255,1.7712700000000001
4,19.0164,16.1843,2.22686
0,114.40299999999999,-6.43536,4.20372
1,96.7292,-5.93044,3.7319999999999998
1,-20.9077,1.84223,3.4264699999999997
3,-14.1145,2.54699,3.24382
5,-23.9234,9.794139999999999,4.4764
2,31.6577,-15.3684,5.355
2,7.69057,-7.607139999999999,6.06278
1,-20.2878,-5.99452,5.7059
5,-6.35198,-5.65867,6.09734
1,37.5072,-4.31577,4.89447
5,59.7722,-3.4590099999999997,5.59278
1,-52.9665,-2.34574,6.04148
5,13.7136,2.21868,4.92453
1,-139.355,8.45828,5.7016
1,76.8646,9.52116,5.05051
1,-12.5097,15.962,4.85002
5,-47.618,17.2579,4.8709
5,-24.2879,21.000999999999998,5.12372
5,-17.96,46.1153,5.84778
1,46.2898,-17.4778,7.6266
5,39.0674,-15.1806,6.60623
5,-64.2137,-5.4606699999999995,6.97392
5,54.5115,-5.823840000000001,7.25448
5,-38.6381,2.78966,6.53191
1,-43.93600000000001,8.217139999999999,7.262339999999999
5,5.29823,17.9094,6.5654
1,-75.8558,31.4995,7.3815800000000005
1,24.252,105.559,6.53718
1,-7.73861,11.0891,8.33409
1,-0.356259,27.4689,8.97255
5,4.59082,46.2104,8.71514
1,85.3595,50.3507,9.56687
1,110.321,9.871410000000001,10.4853
1,177.642,9.96914,9.73121
1,-64.9806,55.0323,10.8473
5,-62.5168,10.8107,13.4303
2,37.6202,28.322,14.0484
1,23.943,61.9045,13.595999999999998
1,-65.102,68.0178,13.385
1,47.0324,28.3199,15.9203
5,-19.9248,46.3162,15.5611
1,86.9277,41.7733,16.3098
1,-84.8312,43.4315,16.5994
1,-65.9045,43.6137,17.6294
1,-65.1961,57.2922,17.6324
2,31.6635,28.5068,20.8788
1,25.7667,40.8783,23.6931
2,-14.7962,46.6821,24.546
1,-55.8027,2.57262,-0.410268
5,-1.61353,2.76684,-0.371458
1,-24.54,29.6787,-0.477141
1,-20.663,48.5011,-1.8235700000000001
1,22.3108,-14.0733,0.0502043
5,91.9727,-1.7577099999999999,0.00528234
1,127.98200000000001,7.67862,0.8443450000000001
1,91.14399999999999,14.987,1.81201
5,96.0129,16.0356,0.9920700000000001
3,30.3687,27.9128,3.0321
1,23.3011,68.6688,2.51612
1,100.47,-7.3638699999999995,4.460369999999999
1,-26.9567,25.6923,5.67139
5,46.4116,28.0758,5.94227
5,28.7069,-5.4348,6.829619999999999
1,59.992,-3.93444,6.98227
1,4.5102400000000005,13.0875,7.78171
5,-50.0813,28.0834,8.1409
1,-66.382,43.4367,9.07081
1,34.5362,8.5048,11.0639
5,20.5661,10.270999999999999,11.62
1,136.578,10.3048,10.9856
1,177.642,9.96914,9.73121
5,-4.691330000000001,28.2589,9.60075
1,24.3229,122.60600000000001,11.6877
1,-110.11200000000001,11.8677,15.3758
1,-27.246,11.2635,16.0274
1,86.9225,12.8354,17.2981
1,-84.3295,43.4514,16.5311
1,23.9106,68.5549,20.9145
1,22.829,132.827,26.1305
